<?xml version="1.0" encoding="UTF-8"?>
<!DOCTYPE mapper PUBLIC "-//mybatis.org//DTD Mapper 3.0//EN" "http://mybatis.org/dtd/mybatis-3-mapper.dtd">
<mapper namespace="com.example.springbootplus.mapper.MenuMapper">

    <!-- 通用查询映射结果 -->
    <resultMap id="BaseResultMap" type="com.example.springbootplus.entity.Menu">
        <id column="id" property="id" />
        <result column="create_time" property="createTime" />
        <result column="update_time" property="updateTime" />
        <result column="name" property="name" />
        <result column="url" property="url" />
        <result column="icon" property="icon" />
        <result column="sort" property="sort" />
        <result column="parent_id" property="parentId" />
        <result column="is_button" property="isButton" />
        <result column="is_show" property="isShow" />
    </resultMap>

    <!-- 通用查询结果列 -->
    <sql id="Base_Column_List">
        id, create_time, update_time, name, url, icon, sort, parent_id, is_button, is_show
    </sql>

    <select id="selectByLevel1" resultMap="BaseResultMap">
        select * from menu where parent_id=0 and is_show=1;
    </select>

    <select id="selectByLevel2" resultMap="BaseResultMap">
        select * from menu where parent_id in (select id from menu where parent_id=0 and is_show=1);
    </select>

    <select id="selectByLevel3" resultMap="BaseResultMap">
        select * from menu where parent_id in (select id from menu where parent_id in (select id from menu where parent_id=0 and is_show=1)) and is_show=1;
    </select>

</mapper>
